Fund Name,P1,P2,P3,P4,P5,Topsis Score,Rank
M1,0.85,0.72,7.0,37.3,11.47,0.40675574046776075,6
M2,0.67,0.45,5.5,58.2,16.21,0.37702338888224174,7
M3,0.83,0.69,3.9,68.3,18.43,0.5951101261407163,2
M4,0.83,0.69,3.9,42.7,12.03,0.5718212069944778,3
M5,0.71,0.5,3.2,57.9,15.58,0.5318588892784997,4
M6,0.94,0.88,4.7,46.6,13.28,0.6296971804375978,1
M7,0.68,0.46,7.0,41.4,12.39,0.28439835016970416,8
M8,0.95,0.9,6.5,33.8,10.54,0.503313911269326,5
