Fund Name,P1,P2,P3,P4,P5,Topsis Score,Rank
M1,0.85,0.72,7.0,37.3,11.47,0.42615261867555543,7
M2,0.67,0.45,5.5,58.2,16.21,0.4340131562762266,6
M3,0.83,0.69,3.9,68.3,18.43,0.5390363788294215,4
M4,0.83,0.69,3.9,42.7,12.03,0.5973599033519132,1
M5,0.71,0.5,3.2,57.9,15.58,0.584093632406379,2
M6,0.94,0.88,4.7,46.6,13.28,0.5676726364466088,3
M7,0.68,0.46,7.0,41.4,12.39,0.388043918773155,8
M8,0.95,0.9,6.5,33.8,10.54,0.4788407709245625,5
